{"ProjectBreakpoints":"{\"Value\":{\"Main.xaml\":[{\"ConditionalExpression\":null,\"ActionExpression\":null,\"ExpectedHitCounter\":null,\"ShouldContinueAfterAction\":false,\"BreakpointType\":1,\"LocationIdentifier\":\"Sequence\",\"IsEnabled\":true,\"Annotation\":null,\"Id\":\"311fad57-1445-4ea4-ae69-b5cecf3d0a5c\",\"ActivityIdRef\":\"Sequence_3\",\"ActivityId\":\"1.6\",\"ActivityName\":\"Sequence\",\"IsTransient\":false}],\"BREAKPOINTS_CONDITIONAL.xaml\":[{\"ConditionalExpression\":\"currentNumber =33\",\"ActionExpression\":\"\",\"ExpectedHitCounter\":3,\"ShouldContinueAfterAction\":false,\"BreakpointType\":1,\"LocationIdentifier\":\"Write Line\",\"IsEnabled\":true,\"Annotation\":null,\"Id\":\"f94a1ee0-a91b-4dae-b92a-92003a12cad2\",\"ActivityIdRef\":\"WriteLine_1\",\"ActivityId\":\"1.4\",\"ActivityName\":\"Write Line\",\"IsTransient\":false}]},\"CodeBreakpoints\":{}}","Compiler":"2","ProjectWatches":"{\"Value\":[]}","OpenedDocuments":"[{\"DocumentPath\":\"newSequence2.xaml\",\"FactoryId\":\"{ACB8E7BA-F093-44C1-9B50-33ECA51AAE16}\"},{\"DocumentPath\":\"BREAKPOINTS_CONDITIONAL.xaml\",\"FactoryId\":\"{ACB8E7BA-F093-44C1-9B50-33ECA51AAE16}\"},{\"DocumentPath\":\"Main.xaml\",\"FactoryId\":\"{ACB8E7BA-F093-44C1-9B50-33ECA51AAE16}\"}]","ProjectActivitiesViewState":"{\"Main.xaml\":[],\"BREAKPOINTS_CONDITIONAL.xaml\":[{\"ActivityIdRef\":\"ForEach`1_1\",\"IsAdvancedOptionsExpanded\":false,\"Categories\":{\"\":true},\"Widgets\":{\"Body\":{\"ShowExpanded\":true}}},{\"ActivityIdRef\":\"WriteLine_1\",\"IsAdvancedOptionsExpanded\":false,\"Widgets\":{}}]}"}