{"ProjectBreakpoints":"{\"Value\":{\"Main.xaml\":[{\"ConditionalExpression\":null,\"ActionExpression\":null,\"ExpectedHitCounter\":null,\"ShouldContinueAfterAction\":false,\"BreakpointType\":1,\"LocationIdentifier\":\"Assign\",\"IsEnabled\":true,\"Annotation\":null,\"Id\":\"0a601ea8-c8af-4f27-b4c4-4434815bcc55\",\"ActivityIdRef\":\"Assign_3\",\"ActivityId\":\"1.8\",\"ActivityName\":\"Assign\",\"IsTransient\":false}]},\"CodeBreakpoints\":{}}","Compiler":"2","ProjectWatches":"{\"Value\":[{\"Id\":\"7c528e05-25b0-4cca-a1d9-6451688fa625\",\"Expression\":\"num2\",\"Type\":0},{\"Id\":\"bc47f860-b926-4c90-8c2e-fa4f47562f05\",\"Expression\":\"num1\",\"Type\":0}]}","OpenedDocuments":"[{\"DocumentPath\":\"Main.xaml\",\"FactoryId\":\"{ACB8E7BA-F093-44C1-9B50-33ECA51AAE16}\"}]","ProjectActivitiesViewState":"{\"Main.xaml\":[]}"}